Open Date;Close Date;Symbol;Action;Lots;SL;TP;Open Price;Close Price;Commission;Swap;Pips;Profit;Gain;Duration (DD:HH:MM:SS);Profitable(%);Profitable(time duration);Drawdown;Risk:Reward;Max(pips);Max(USD);Min(pips);Min(USD);Entry Accuracy(%);Exit Accuracy(%);ProfitMissed(pips);ProfitMissed(USD)
04/24/2018 21:00;04/24/2018 22:49;EUR/USD;Buy;2.28;0;0;1.2233;1.22332;-11.16;-84.59;0;-91.18;;;;;;;;;;;;;;
04/24/2018 21:01;04/24/2018 21:46;GBP/AUD;Buy;3.03;0;0;1.83763;1.83828;-16.94;0;0;132.79;;;;;;;;;;;;;;
04/24/2018 03:15;04/24/2018 07:53;GBP/USD;Sell;2.92;0;0;1.3936;1.39366;-16.28;0;0;-33.8;;;;;;;;;;;;;;
04/24/2018 00:00;04/24/2018 02:12;EUR/USD;Sell;2.92;0;0;1.22096;1.21895;-14.25;0;0;572.67;;;;;;;;;;;;;;
04/23/2018 20:55;04/24/2018 01:01;GBP/USD;Sell;0.6;0;0;1.39446;1.39374;-3.35;-5.7;0;34.15;;;;;;;;;;;;;;
04/20/2018 02:30;04/23/2018 10:42;USD/JPY;Buy;0.19;0;0;107.67;108.188;-0.76;-0.07;0;90.14;;;;;;;;;;;;;;
04/17/2018 21:00;04/23/2018 09:39;EUR/USD;Sell;2.16;0;0;1.23722;1.22497;-10.64;16.85;0;2652.21;;;;;;;;;;;;;;
04/23/2018 01:30;04/23/2018 05:45;GBP/USD;Sell;2.92;0;0;1.40148;1.4015;-16.37;0;0;-22.21;;;;;;;;;;;;;;
04/20/2018 21:30;04/23/2018 00:01;EUR/GBP;Sell;0.6;0;0;0.87702;0.87678;-2.95;-6.98;0;10.24;;;;;;;;;;;;;;
04/22/2018 22:05;04/22/2018 23:45;GBP/USD;Buy;2.28;0;0;1.39987;1.40052;-12.77;0;0;135.43;;;;;;;;;;;;;;
04/20/2018 21:02;04/20/2018 21:17;USD/JPY;Sell;0.6;0;0;107.662;107.629;-2.4;0;0;16;;;;;;;;;;;;;;
04/20/2018 10:41;04/20/2018 15:32;NZD/CAD;Buy;0.5;0;0;0.91488;0.9185;-1.44;0;0;140.57;;;;;;;;;;;;;;
04/19/2018 17:20;04/20/2018 15:32;NZD/CAD;Buy;0.16;0;0;0.91921;0.9184;-0.46;-1.34;0;-11.97;;;;;;;;;;;;;;
04/20/2018 06:20;04/20/2018 15:32;NZD/CAD;Buy;0.33;0;0;0.91708;0.91842;-0.95;0;0;33.74;;;;;;;;;;;;;;
04/19/2018 11:26;04/20/2018 15:32;NZD/CAD;Buy;0.16;0;0;0.92147;0.91837;-0.46;-1.34;0;-40.73;;;;;;;;;;;;;;
04/20/2018 11:00;04/20/2018 12:45;GBP/USD;Sell;2.92;0;0;1.40624;1.40538;-16.42;0;0;234.7;;;;;;;;;;;;;;
04/19/2018 18:31;04/20/2018 11:36;EUR/GBP;Sell;0.11;0;0;0.87441;0.87411;-0.54;-1.29;0;2.82;;;;;;;;;;;;;;
04/20/2018 06:49;04/20/2018 11:36;EUR/GBP;Sell;0.11;0;0;0.87713;0.87411;-0.54;0;0;46.21;;;;;;;;;;;;;;
04/19/2018 19:00;04/20/2018 08:31;GBP/USD;Sell;0.1;0;0;1.40853;1.40409;-0.56;-0.95;0;42.89;;;;;;;;;;;;;;
04/19/2018 21:20;04/19/2018 22:05;EUR/USD;Sell;2.2;0;0;1.23513;1.23467;-10.87;2.86;0;93.19;;;;;;;;;;;;;;
04/19/2018 21:41;04/19/2018 21:47;GBP/AUD;Buy;2.83;0;0;1.82166;1.82236;-15.94;0;0;137.14;;;;;;;;;;;;;;
04/19/2018 21:03;04/19/2018 21:46;EUR/AUD;Buy;2.83;0;0;1.59674;1.59727;-13.97;0;0;101.93;;;;;;;;;;;;;;
04/19/2018 21:00;04/19/2018 21:41;GBP/USD;Sell;2.2;0;0;1.40916;1.40813;-12.4;0;0;214.2;;;;;;;;;;;;;;
04/16/2018 09:00;04/19/2018 17:11;AUD/USD;Buy;0.1;0;0;0.77761;0.77365;-0.31;-10.75;0;-50.66;;;;;;;;;;;;;;
04/10/2018 21:12;04/19/2018 15:49;USD/CAD;Sell;0.45;0;0;1.261;1.26089;-1.8;-116.35;0;-114.23;;;;;;;;;;;;;;
04/19/2018 08:33;04/19/2018 11:44;EUR/GBP;Sell;0.11;0;0;0.87345;0.86977;-0.54;0;0;57.04;;;;;;;;;;;;;;
04/18/2018 10:00;04/19/2018 11:44;EUR/GBP;Sell;0.11;0;0;0.87061;0.86976;-0.54;-3.89;0;8.87;;;;;;;;;;;;;;
04/19/2018 08:15;04/19/2018 08:36;GBP/USD;Sell;2.92;0;0;1.42156;1.42031;-16.6;0;0;348.4;;;;;;;;;;;;;;
04/19/2018 04:15;04/19/2018 07:30;GBP/USD;Sell;2.92;0;0;1.42019;1.41946;-16.58;0;0;196.58;;;;;;;;;;;;;;
04/18/2018 15:02;04/18/2018 22:59;NZD/CAD;Sell;0.16;0;0;0.9244;0.92368;-0.47;-11.67;0;-3.02;;;;;;;;;;;;;;
04/18/2018 16:18;04/18/2018 22:59;NZD/CAD;Sell;0.16;0;0;0.92657;0.92368;-0.47;-11.67;0;24.47;;;;;;;;;;;;;;
04/18/2018 21:43;04/18/2018 22:53;GBP/AUD;Sell;2.79;0;0;1.82529;1.82503;-15.85;-39.74;0;0.87;;;;;;;;;;;;;;
04/18/2018 22:24;04/18/2018 22:51;EUR/AUD;Sell;2.79;0;0;1.59021;1.59027;-13.81;0;0;-26.84;;;;;;;;;;;;;;
04/18/2018 21:00;04/18/2018 22:05;EUR/GBP;Buy;1.53;0;0;0.87131;0.87132;-7.57;-207.35;0;-212.75;;;;;;;;;;;;;;
04/18/2018 13:00;04/18/2018 18:01;GBP/USD;Sell;2.92;0;0;1.42166;1.42146;-16.6;0;0;41.8;;;;;;;;;;;;;;
04/17/2018 14:48;04/18/2018 15:01;NZD/CAD;Buy;0.33;0;0;0.92087;0.92357;-0.97;-2.79;0;66.96;;;;;;;;;;;;;;
04/17/2018 06:03;04/18/2018 15:01;NZD/CAD;Buy;0.16;0;0;0.92321;0.92364;-0.47;-1.35;0;3.64;;;;;;;;;;;;;;
04/16/2018 11:24;04/18/2018 15:01;NZD/CAD;Buy;0.16;0;0;0.92526;0.92379;-0.47;-2.7;0;-21.83;;;;;;;;;;;;;;
04/18/2018 10:00;04/18/2018 13:37;GBP/USD;Sell;0.1;0;0;1.41893;1.42305;-0.57;0;0;-41.77;;;;;;;;;;;;;;
04/18/2018 01:20;04/18/2018 02:08;GBP/USD;Sell;0.6;0;0;1.42994;1.42915;-3.43;0;0;43.97;;;;;;;;;;;;;;
04/17/2018 22:54;04/18/2018 01:06;EUR/AUD;Sell;2.83;0;0;1.59235;1.59241;-14;0;0;-27.2;;;;;;;;;;;;;;
04/17/2018 21:46;04/17/2018 22:30;GBP/USD;Sell;2.16;0;0;1.42933;1.42891;-12.35;-20.52;0;57.85;;;;;;;;;;;;;;
04/17/2018 21:52;04/17/2018 22:11;GBP/AUD;Sell;2.75;0;0;1.8393;1.83927;-15.72;-13.03;0;-22.34;;;;;;;;;;;;;;
04/17/2018 21:00;04/17/2018 22:08;EUR/AUD;Sell;2.75;0;0;1.59227;1.59208;-13.61;0.43;0;27.42;;;;;;;;;;;;;;
04/17/2018 10:00;04/17/2018 12:45;GBP/USD;Buy;2.92;0;0;1.43288;1.43399;-16.74;0;0;307.38;;;;;;;;;;;;;;
04/16/2018 11:00;04/17/2018 11:16;GBP/CAD;Sell;0.14;0;0;1.80308;1.79812;-0.8;-1.45;0;53.01;;;;;;;;;;;;;;
04/13/2018 18:00;04/17/2018 07:31;EUR/USD;Buy;0.1;0;0;1.23428;1.23975;-0.49;-7.42;0;46.79;;;;;;;;;;;;;;
04/16/2018 11:00;04/17/2018 01:41;GBP/USD;Buy;0.1;0;0;1.43037;1.4347;-0.57;-3.41;0;39.32;;;;;;;;;;;;;;
04/16/2018 21:21;04/16/2018 23:00;EUR/USD;Sell;2.12;0;0;1.23818;1.23816;-10.5;2.76;0;-3.5;;;;;;;;;;;;;;
04/16/2018 21:00;04/16/2018 22:36;GBP/AUD;Sell;2.71;0;0;1.84239;1.84227;-15.54;-12.86;0;-3.1;;;;;;;;;;;;;;
04/16/2018 22:10;04/16/2018 22:30;EUR/AUD;Sell;2.75;0;0;1.59116;1.59112;-13.62;0;0;-5.06;;;;;;;;;;;;;;
04/16/2018 21:00;04/16/2018 22:30;GBP/USD;Sell;2.12;0;0;1.43348;1.43394;-12.16;-20.14;0;-129.82;;;;;;;;;;;;;;
04/16/2018 21:00;04/16/2018 21:22;EUR/AUD;Buy;2.71;0;0;1.59072;1.59115;-13.42;0;0;77.26;;;;;;;;;;;;;;
04/13/2018 12:15;04/16/2018 09:31;GBP/USD;Buy;2.92;0;0;1.42686;1.42737;-16.67;-99.57;0;32.68;;;;;;;;;;;;;;
04/12/2018 15:25;04/16/2018 09:11;EUR/GBP;Buy;0.11;0;0;0.86604;0.86682;-0.54;-9.96;0;1.73;;;;;;;;;;;;;;
04/13/2018 17:07;04/16/2018 09:11;EUR/GBP;Buy;0.11;0;0;0.86429;0.86682;-0.54;-4.98;0;34.15;;;;;;;;;;;;;;
04/13/2018 08:00;04/16/2018 07:58;AUD/USD;Buy;0.1;0;0;0.7792;0.77569;-0.31;-2.15;0;-37.56;;;;;;;;;;;;;;
04/13/2018 21:22;04/16/2018 01:26;GBP/CAD;Buy;0.6;0;0;1.79465;1.79623;-3.42;-14.32;0;57.45;;;;;;;;;;;;;;
04/15/2018 22:03;04/15/2018 22:16;EUR/USD;Buy;2.12;0;0;1.23293;1.2333;-10.46;0;0;67.98;;;;;;;;;;;;;;
04/12/2018 16:00;04/13/2018 09:02;GBP/USD;Buy;0.1;0;0;1.4231;1.42775;-0.57;-3.41;0;42.52;;;;;;;;;;;;;;
04/10/2018 04:00;04/13/2018 07:00;AUD/USD;Buy;0.1;0;0;0.77364;0.77785;-0.31;-10.75;0;31.04;;;;;;;;;;;;;;
04/12/2018 21:47;04/12/2018 23:01;USD/JPY;Sell;0.6;0;0;107.332;107.297;-2.4;-23.98;0;-6.8;;;;;;;;;;;;;;
04/12/2018 19:15;04/12/2018 22:15;GBP/USD;Buy;2.92;0;0;1.4224;1.42304;-16.62;-99.57;0;70.69;;;;;;;;;;;;;;
04/12/2018 21:43;04/12/2018 22:10;EUR/AUD;Buy;2.71;0;0;1.58945;1.58913;-13.36;-94.16;0;-174.78;;;;;;;;;;;;;;
04/12/2018 21:00;04/12/2018 22:10;EUR/GBP;Buy;0.75;0;0;0.86644;0.86621;-3.7;-33.93;0;-62.17;;;;;;;;;;;;;;
04/12/2018 21:00;04/12/2018 21:49;GBP/AUD;Sell;2.71;0;0;1.83456;1.83434;-15.42;0;0;30.82;;;;;;;;;;;;;;
04/12/2018 21:01;04/12/2018 21:16;EUR/AUD;Buy;2.71;0;0;1.58944;1.58968;-13.36;0;0;37.08;;;;;;;;;;;;;;
04/12/2018 08:54;04/12/2018 14:54;NZD/CAD;Sell;0.17;0;0;0.93075;0.92771;-0.5;0;0;40.55;;;;;;;;;;;;;;
04/12/2018 07:29;04/12/2018 14:54;NZD/CAD;Sell;0.17;0;0;0.92853;0.92783;-0.5;0;0;8.95;;;;;;;;;;;;;;
04/10/2018 13:00;04/12/2018 12:57;EUR/USD;Buy;0.1;0;0;1.23609;1.23209;-0.49;-14.84;0;-55.33;;;;;;;;;;;;;;
04/11/2018 16:00;04/12/2018 11:30;USD/JPY;Sell;0.1;0;0;106.714;107.126;-0.4;-12.05;0;-50.91;;;;;;;;;;;;;;
04/12/2018 04:04;04/12/2018 04:06;GBP/USD;Sell;0.6;0;0;1.41785;1.41793;-3.4;0;0;-8.2;;;;;;;;;;;;;;
04/12/2018 00:55;04/12/2018 04:02;GBP/USD;Sell;0.6;0;0;1.41869;1.4179;-3.4;0;0;44;;;;;;;;;;;;;;
04/11/2018 23:11;04/12/2018 00:02;GBP/USD;Sell;1.06;0;0;1.41818;1.418;-6.01;0;0;13.07;;;;;;;;;;;;;;
04/11/2018 21:19;04/11/2018 22:44;EUR/USD;Sell;2.08;0;0;1.23656;1.2365;-10.29;8.11;0;10.3;;;;;;;;;;;;;;
04/11/2018 21:16;04/11/2018 22:06;GBP/USD;Sell;2.08;0;0;1.41769;1.41771;-11.8;-59.28;0;-75.24;;;;;;;;;;;;;;
04/11/2018 21:17;04/11/2018 21:49;GBP/AUD;Sell;2.67;0;0;1.82808;1.82732;-15.14;0;0;142.3;;;;;;;;;;;;;;
04/11/2018 12:03;04/11/2018 15:24;NZD/CAD;Sell;0.14;0;0;0.92956;0.92786;-0.41;0;0;18.49;;;;;;;;;;;;;;
04/11/2018 04:10;04/11/2018 09:01;NZD/CAD;Buy;0.14;0;0;0.92649;0.92828;-0.41;0;0;19.46;;;;;;;;;;;;;;
04/09/2018 14:04;04/11/2018 07:37;GBP/USD;Buy;0.51;0;0;1.41478;1.42065;-2.89;-34.78;0;261.7;;;;;;;;;;;;;;
04/10/2018 16:30;04/11/2018 01:45;USD/JPY;Buy;0.1;0;0;107.34;106.974;-0.4;-0.04;0;-34.65;;;;;;;;;;;;;;
04/10/2018 08:59;04/10/2018 12:33;EUR/USD;Buy;0.19;0;0;1.23137;1.23692;-0.94;-7.05;0;97.46;;;;;;;;;;;;;;
04/10/2018 08:59;04/10/2018 08:59;EUR/USD;Buy;0.01;0;0;1.23137;1.23287;-0.05;-0.37;0;1.08;;;;;;;;;;;;;;
04/10/2018 03:30;04/10/2018 08:58;USD/JPY;Buy;0.1;0;0;107.209;106.855;-0.4;0;0;-33.53;;;;;;;;;;;;;;
04/09/2018 16:00;04/10/2018 03:45;AUD/USD;Buy;0.1;0;0;0.76927;0.77353;-0.31;-2.15;0;40.14;;;;;;;;;;;;;;
04/10/2018 01:28;04/10/2018 02:46;GBP/USD;Sell;0.6;0;0;1.41382;1.41302;-3.39;0;0;44.61;;;;;;;;;;;;;;
04/09/2018 20:30;04/09/2018 23:23;GBP/USD;Buy;2.92;0;0;1.41298;1.41327;-16.51;-99.57;0;-31.4;;;;;;;;;;;;;;
04/09/2018 20:55;04/09/2018 22:02;GBP/USD;Buy;0.6;0;0;1.41258;1.41296;-3.39;-20.46;0;-1.05;;;;;;;;;;;;;;
04/09/2018 10:00;04/09/2018 16:51;EUR/AUD;Buy;0.51;0;0;1.60206;1.59809;-2.51;0;0;-158.59;;;;;;;;;;;;;;
04/09/2018 14:04;04/09/2018 14:04;GBP/USD;Buy;0.51;0;0;1.41478;1.41466;-2.89;0;0;-9.01;;;;;;;;;;;;;;
04/05/2018 13:00;04/09/2018 13:09;EUR/USD;Sell;0.1;0;0;1.22561;1.22955;-0.49;0.26;0;-39.63;;;;;;;;;;;;;;
04/06/2018 14:00;04/09/2018 11:04;AUD/USD;Buy;0.1;0;0;0.76914;0.7657;-0.31;-2.15;0;-36.86;;;;;;;;;;;;;;
04/09/2018 07:23;04/09/2018 08:00;USD/JPY;Sell;0.08;0;0;107.063;107.009;-0.32;0;0;3.72;;;;;;;;;;;;;;
04/06/2018 21:44;04/08/2018 22:25;USD/JPY;Sell;0.6;0;0;106.956;106.938;-2.4;-24.07;0;-16.37;;;;;;;;;;;;;;
04/06/2018 21:32;04/06/2018 21:54;GBP/CAD;Buy;0.6;0;0;1.7977;1.79976;-3.38;0;0;93.37;;;;;;;;;;;;;;
04/06/2018 18:15;04/06/2018 19:05;GBP/USD;Buy;2.92;0;0;1.40795;1.40983;-16.46;0;0;532.5;;;;;;;;;;;;;;
04/06/2018 10:30;04/06/2018 15:55;AUD/NZD;Buy;0.51;0;0;1.0608;1.05679;-1.57;0;0;-150.19;;;;;;;;;;;;;;
04/06/2018 14:00;04/06/2018 15:06;GBP/USD;Buy;0.4;0;0;1.40361;1.40798;-2.25;0;0;172.55;;;;;;;;;;;;;;
04/06/2018 13:46;04/06/2018 14:21;NZD/CAD;Buy;0.14;0;0;0.92434;0.92603;-0.41;0;0;18.14;;;;;;;;;;;;;;
04/06/2018 12:46;04/06/2018 13:14;GBP/CAD;Buy;0.05;0;0;1.78736;1.79233;-0.28;-1.18;0;17.97;;;;;;;;;;;;;;
04/06/2018 12:46;04/06/2018 12:46;GBP/CAD;Buy;0.11;0;0;1.78736;1.78997;-0.62;-2.6;0;19.24;;;;;;;;;;;;;;
04/05/2018 21:00;04/06/2018 04:44;GBP/USD;Sell;2.92;0;0;1.40007;1.40017;-16.35;-27.74;0;-73.29;;;;;;;;;;;;;;
04/06/2018 01:57;04/06/2018 04:26;EUR/USD;Sell;0.08;0;0;1.22489;1.22463;-0.39;0;0;1.69;;;;;;;;;;;;;;
04/06/2018 01:22;04/06/2018 01:54;EUR/USD;Sell;0.08;0;0;1.22508;1.22477;-0.39;0;0;2.09;;;;;;;;;;;;;;
04/06/2018 01:17;04/06/2018 01:17;EUR/USD;Sell;0.08;0;0;1.22468;1.22475;-0.39;0;0;-0.95;;;;;;;;;;;;;;
04/06/2018 00:15;04/06/2018 01:17;EUR/USD;Sell;0.08;0;0;1.22485;1.22476;-0.39;0;0;0.33;;;;;;;;;;;;;;
04/05/2018 23:44;04/06/2018 00:03;EUR/USD;Sell;0.04;0;0;1.2242;1.22413;-0.2;0;0;0.08;;;;;;;;;;;;;;
04/05/2018 21:54;04/05/2018 22:57;EUR/USD;Sell;0.04;0;0;1.22401;1.22391;-0.2;0.05;0;0.26;;;;;;;;;;;;;;
04/05/2018 21:53;04/05/2018 22:37;USD/CAD;Buy;0.45;0;0;1.27463;1.27504;-1.8;-3.35;0;9.31;;;;;;;;;;;;;;
04/05/2018 13:20;04/05/2018 14:40;NZD/CAD;Sell;0.17;0;0;0.9335;0.93172;-0.5;0;0;23.18;;;;;;;;;;;;;;
04/05/2018 11:00;04/05/2018 13:06;GBP/USD;Buy;0.2;0;0;1.40635;1.40238;-1.12;0;0;-80.52;;;;;;;;;;;;;;
04/04/2018 16:00;04/05/2018 07:39;USD/JPY;Buy;0.1;0;0;106.551;107.063;-0.4;-0.11;0;47.31;;;;;;;;;;;;;;
04/04/2018 15:35;04/04/2018 22:58;GBP/USD;Sell;0.1;0;0;1.40832;1.40885;-0.56;-2.85;0;-8.71;;;;;;;;;;;;;;
04/04/2018 14:10;04/04/2018 16:48;NZD/CAD;Sell;0.35;0;0;0.93664;0.93363;-1.02;0;0;81.3;;;;;;;;;;;;;;
04/04/2018 09:37;04/04/2018 16:48;NZD/CAD;Sell;0.17;0;0;0.93364;0.93363;-0.5;0;0;-0.36;;;;;;;;;;;;;;
04/04/2018 11:00;04/04/2018 15:32;GBP/USD;Sell;0.1;0;0;1.40485;1.40896;-0.56;0;0;-41.66;;;;;;;;;;;;;;
04/04/2018 11:11;04/04/2018 12:25;EUR/JPY;Sell;1.1;0;0;130.319;130.517;-5.41;0;0;-210.49;;;;;;;;;;;;;;
04/03/2018 16:57;04/04/2018 12:15;EUR/GBP;Buy;0.11;0;0;0.87144;0.87541;-0.54;-4.92;0;55.85;;;;;;;;;;;;;;
04/03/2018 15:00;04/04/2018 09:11;EUR/USD;Sell;0.1;0;0;1.22574;1.22997;-0.49;0.13;0;-42.66;;;;;;;;;;;;;;
04/03/2018 14:30;04/04/2018 09:01;USD/JPY;Buy;0.1;0;0;106.534;106.138;-0.4;-0.04;0;-37.75;;;;;;;;;;;;;;
04/04/2018 06:31;04/04/2018 09:00;GBP/USD;Buy;2.92;0;0;1.40779;1.40821;-16.45;0;0;106.19;;;;;;;;;;;;;;
04/04/2018 08:01;04/04/2018 08:44;EUR/AUD;Sell;0.75;0;0;1.59403;1.59601;-3.68;0;0;-117.94;;;;;;;;;;;;;;
04/04/2018 08:01;04/04/2018 08:44;EUR/AUD;Sell;0.75;0;0;1.59407;1.59601;-3.68;0;0;-115.63;;;;;;;;;;;;;;
04/04/2018 01:00;04/04/2018 06:30;EUR/USD;Sell;2.92;0;0;1.2278;1.22746;-14.34;0;0;84.94;;;;;;;;;;;;;;
04/03/2018 16:54;04/04/2018 03:16;NZD/CAD;Buy;0.17;0;0;0.92806;0.93001;-0.49;-1.41;0;23.98;;;;;;;;;;;;;;
04/03/2018 15:33;04/04/2018 03:16;NZD/CAD;Buy;0.17;0;0;0.93037;0.93001;-0.49;-1.41;0;-6.68;;;;;;;;;;;;;;
04/03/2018 02:00;04/04/2018 03:10;AUD/USD;Buy;0.1;0;0;0.76677;0.76811;-0.31;-2.15;0;10.94;;;;;;;;;;;;;;
03/29/2018 08:00;04/04/2018 03:05;GBP/USD;Sell;0.1;0;0;1.40519;1.40699;-0.56;-3.8;0;-22.36;;;;;;;;;;;;;;
04/03/2018 07:29;04/03/2018 14:37;NZD/CAD;Sell;0.17;0;0;0.93319;0.93151;-0.49;0;0;21.76;;;;;;;;;;;;;;
03/30/2018 18:07;04/03/2018 14:31;EUR/GBP;Buy;0.12;0;0;0.87901;0.87265;-0.59;-10.71;0;-118.5;;;;;;;;;;;;;;
04/02/2018 16:30;04/03/2018 14:22;USD/JPY;Sell;0.1;0;0;106.089;106.466;-0.4;-4.05;0;-39.86;;;;;;;;;;;;;;
04/03/2018 02:32;04/03/2018 06:06;NZD/CAD;Buy;0.17;0;0;0.92956;0.9313;-0.49;0;0;22.46;;;;;;;;;;;;;;
03/30/2018 18:07;04/02/2018 16:00;EUR/GBP;Buy;0.2;0;0;0.87897;0.8756;-0.99;-8.92;0;-104.61;;;;;;;;;;;;;;
03/30/2018 19:57;04/02/2018 09:00;GBP/USD;Sell;0.15;0;0;1.40364;1.40676;-0.84;-1.43;0;-49.07;;;;;;;;;;;;;;
03/30/2018 20:49;03/30/2018 21:30;GBP/CHF;Sell;0.6;0;0;1.33868;1.33849;-3.37;0;0;8.58;;;;;;;;;;;;;;
03/29/2018 02:42;03/30/2018 14:15;NZD/CAD;Buy;0.5;0;0;0.92961;0.93311;-1.44;-4.11;0;130.22;;;;;;;;;;;;;;
03/28/2018 12:24;03/30/2018 14:15;NZD/CAD;Buy;0.16;0;0;0.93399;0.93311;-0.46;-5.25;0;-16.64;;;;;;;;;;;;;;
03/28/2018 15:56;03/30/2018 14:15;NZD/CAD;Buy;0.33;0;0;0.93172;0.93311;-0.95;-10.83;0;23.8;;;;;;;;;;;;;;
03/29/2018 23:08;03/29/2018 23:10;USD/CAD;Sell;0.45;0;0;1.28918;1.2889;-1.8;0;0;7.98;;;;;;;;;;;;;;
03/29/2018 23:07;03/29/2018 23:07;USD/CAD;Sell;0.45;0;0;1.28919;1.28878;-1.8;0;0;12.52;;;;;;;;;;;;;;
03/29/2018 19:09;03/29/2018 21:04;GBP/USD;Sell;0.15;0;0;1.40348;1.40281;-0.84;0;0;9.21;;;;;;;;;;;;;;
03/29/2018 02:15;03/29/2018 07:45;EUR/USD;Sell;2.92;0;0;1.23178;1.2317;-14.39;0;0;8.97;;;;;;;;;;;;;;
03/29/2018 03:10;03/29/2018 07:37;USD/JPY;Buy;0.08;0;0;106.627;106.627;-0.32;0;0;-0.32;;;;;;;;;;;;;;
03/29/2018 02:20;03/29/2018 07:21;EUR/USD;Sell;0.04;0;0;1.23191;1.23235;-0.2;0;0;-1.96;;;;;;;;;;;;;;
03/29/2018 03:20;03/29/2018 07:14;EUR/USD;Sell;0.04;0;0;1.23239;1.23245;-0.2;0;0;-0.44;;;;;;;;;;;;;;
03/28/2018 23:45;03/29/2018 00:37;EUR/USD;Sell;2.92;0;0;1.23118;1.23069;-14.38;0;0;128.7;;;;;;;;;;;;;;
03/28/2018 13:30;03/28/2018 18:46;USD/JPY;Buy;0.1;0;0;106.301;106.802;-0.4;0;0;46.51;;;;;;;;;;;;;;
03/28/2018 12:00;03/28/2018 13:11;EUR/JPY;Buy;1.1;0;0;131.208;131.605;-5.45;0;0;405.82;;;;;;;;;;;;;;
03/26/2018 14:35;03/28/2018 10:04;USD/CHF;Sell;0.24;0;0;0.94492;0.95107;-0.96;-25.32;0;-181.47;;;;;;;;;;;;;;
03/27/2018 20:28;03/28/2018 08:09;GBP/CAD;Sell;0.6;0;0;1.82462;1.82587;-3.4;-6.05;0;-67.62;;;;;;;;;;;;;;
03/27/2018 11:26;03/28/2018 00:13;EUR/GBP;Buy;0.24;0;0;0.87923;0.8752;-1.19;-10.81;0;-149.1;;;;;;;;;;;;;;
03/27/2018 19:49;03/27/2018 22:16;GBP/USD;Buy;0.15;0;0;1.41554;1.41618;-0.85;-5.12;0;3.64;;;;;;;;;;;;;;
03/27/2018 17:30;03/27/2018 19:37;GBP/USD;Sell;2.92;0;0;1.41617;1.41566;-16.54;0;0;132.38;;;;;;;;;;;;;;
03/27/2018 17:54;03/27/2018 18:01;EUR/USD;Sell;0.08;0;0;1.24146;1.24124;-0.4;0;0;1.36;;;;;;;;;;;;;;
03/27/2018 17:41;03/27/2018 17:44;EUR/USD;Sell;0.08;0;0;1.24133;1.24119;-0.4;0;0;0.72;;;;;;;;;;;;;;
03/26/2018 17:00;03/27/2018 12:58;EUR/USD;Sell;10.21;0;0;1.24394;1.23905;-50.7;13.27;0;4955.26;;;;;;;;;;;;;;
03/20/2018 23:30;03/27/2018 12:58;EUR/USD;Sell;2.92;0;0;1.22478;1.23904;-14.39;22.78;0;-4155.53;;;;;;;;;;;;;;
03/27/2018 12:16;03/27/2018 12:27;AUD/USD;Buy;0.1;0;0;0.77116;0.77066;-0.31;0;0;-5.31;;;;;;;;;;;;;;
03/26/2018 15:00;03/27/2018 12:13;AUD/USD;Buy;0.1;0;0;0.7742;0.77072;-0.31;-2.15;0;-37.26;;;;;;;;;;;;;;
03/26/2018 15:00;03/27/2018 12:12;EUR/USD;Buy;0.1;0;0;1.24377;1.23979;-0.5;-3.71;0;-44.01;;;;;;;;;;;;;;
03/27/2018 09:00;03/27/2018 10:41;GBP/USD;Sell;0.1;0;0;1.41817;1.41375;-0.57;0;0;43.63;;;;;;;;;;;;;;
03/26/2018 20:09;03/27/2018 06:54;GBP/CAD;Buy;0.75;0;0;1.83011;1.82679;-4.27;-17.58;0;-215.78;;;;;;;;;;;;;;
03/26/2018 21:39;03/26/2018 23:16;USD/CAD;Buy;0.6;0;0;1.2851;1.28523;-2.4;-4.44;0;-0.77;;;;;;;;;;;;;;
03/26/2018 09:00;03/26/2018 12:17;EUR/JPY;Buy;1.1;0;0;130.139;130.517;-5.45;0;0;390.06;;;;;;;;;;;;;;
03/23/2018 19:09;03/25/2018 22:50;GBP/USD;Buy;0.15;0;0;1.41402;1.41464;-0.85;-5.12;0;3.34;;;;;;;;;;;;;;
03/23/2018 09:28;03/23/2018 12:30;NZD/CAD;Sell;0.16;0;0;0.93551;0.93351;-0.46;0;0;24.44;;;;;;;;;;;;;;
03/12/2018 12:37;03/23/2018 10:07;EUR/GBP;Buy;0.11;0;0;0.88647;0.87492;-0.81;-59.32;0;-239.16;;;;;;;;;;;;;;
03/15/2018 13:36;03/23/2018 10:07;EUR/GBP;Buy;0.11;0;0;0.88419;0.87493;-0.81;-36.48;0;-180.83;;;;;;;;;;;;;;
03/16/2018 13:39;03/23/2018 10:07;EUR/GBP;Buy;0.16;0;0;0.88208;0.87493;-1.18;-46.49;0;-208.87;;;;;;;;;;;;;;
03/19/2018 10:03;03/23/2018 10:07;EUR/GBP;Buy;0.23;0;0;0.87802;0.87493;-1.13;-57.36;0;-158.64;;;;;;;;;;;;;;
03/21/2018 09:30;03/23/2018 10:07;EUR/GBP;Buy;0.41;0;0;0.8741;0.87493;-2.02;-69.86;0;-23.93;;;;;;;;;;;;;;
03/22/2018 12:00;03/23/2018 10:07;EUR/GBP;Buy;0.64;0;0;0.86816;0.87493;-3.16;-28.7;0;578.67;;;;;;;;;;;;;;
03/22/2018 22:50;03/23/2018 07:35;USD/CHF;Buy;0.75;0;0;0.9474;0.94607;-3;0;0;-108.43;;;;;;;;;;;;;;
03/23/2018 00:41;03/23/2018 03:04;GBP/USD;Sell;0.15;0;0;1.41174;1.41109;-0.85;0;0;8.9;;;;;;;;;;;;;;
03/22/2018 22:00;03/23/2018 01:45;GBP/CHF;Buy;0.45;0;0;1.33884;1.33596;-2.54;0;0;-139.48;;;;;;;;;;;;;;
03/22/2018 22:13;03/22/2018 22:45;USD/JPY;Buy;0.45;0;0;105.161;104.717;-1.8;0;0;-192.59;;;;;;;;;;;;;;
03/22/2018 00:30;03/22/2018 22:12;USD/JPY;Sell;2.4;0;0;105.694;105.171;-9.6;-97.75;0;1086.19;;;;;;;;;;;;;;
03/22/2018 10:04;03/22/2018 16:16;EUR/USD;Buy;0.12;0;0;1.23314;1.22906;-0.59;0;0;-49.55;;;;;;;;;;;;;;
03/22/2018 10:03;03/22/2018 16:16;EUR/USD;Buy;0.12;0;0;1.23315;1.22912;-0.59;0;0;-48.95;;;;;;;;;;;;;;
03/22/2018 09:31;03/22/2018 14:06;AUD/CAD;Buy;0.63;0;0;0.99536;0.99677;-1.95;0;0;66.8;;;;;;;;;;;;;;
03/22/2018 10:00;03/22/2018 11:33;EUR/JPY;Sell;1.1;0;0;130.255;130.21;-5.42;0;0;41.43;;;;;;;;;;;;;;
03/22/2018 09:51;03/22/2018 09:51;AUD/USD;Buy;0.1;0;0;0.77252;0.77237;-0.31;0;0;-1.81;;;;;;;;;;;;;;
03/21/2018 19:00;03/22/2018 09:50;AUD/USD;Buy;0.1;0;0;0.77613;0.77238;-0.31;-6.9;0;-44.71;;;;;;;;;;;;;;
03/21/2018 12:16;03/22/2018 08:28;NZD/CAD;Buy;1.42;0;0;0.92964;0.93447;-4.09;-41.27;0;487.05;;;;;;;;;;;;;;
03/21/2018 11:45;03/22/2018 08:28;NZD/CAD;Buy;0.94;0;0;0.93175;0.93447;-2.71;-27.32;0;168.45;;;;;;;;;;;;;;
03/20/2018 21:47;03/22/2018 08:28;NZD/CAD;Buy;0.32;0;0;0.93839;0.93448;-0.92;-12.36;0;-110.41;;;;;;;;;;;;;;
03/21/2018 01:18;03/22/2018 08:28;NZD/CAD;Buy;0.47;0;0;0.93619;0.93447;-1.36;-13.66;0;-77.77;;;;;;;;;;;;;;
03/21/2018 02:07;03/22/2018 08:28;NZD/CAD;Buy;0.63;0;0;0.93403;0.93447;-1.82;-18.31;0;1.39;;;;;;;;;;;;;;
03/20/2018 09:06;03/22/2018 08:28;NZD/CAD;Buy;0.16;0;0;0.94279;0.93448;-0.46;-6.18;0;-109.85;;;;;;;;;;;;;;
03/20/2018 15:18;03/22/2018 08:28;NZD/CAD;Buy;0.16;0;0;0.94058;0.93448;-0.46;-6.18;0;-82.41;;;;;;;;;;;;;;
03/21/2018 19:00;03/22/2018 07:39;GBP/USD;Buy;0.2;0;0;1.41327;1.4175;-1.13;-17.64;0;65.83;;;;;;;;;;;;;;
03/21/2018 19:00;03/22/2018 07:39;EUR/USD;Buy;0.1;0;0;1.23357;1.23853;-0.49;-11.13;0;37.98;;;;;;;;;;;;;;
03/21/2018 18:30;03/21/2018 19:06;USD/JPY;Buy;1.6;0;0;106.433;106.052;-6.4;0;0;-581.16;;;;;;;;;;;;;;
03/21/2018 14:00;03/21/2018 18:00;AUD/USD;Buy;0.1;0;0;0.76986;0.77409;-0.31;0;0;41.99;;;;;;;;;;;;;;
03/21/2018 10:05;03/21/2018 12:01;EUR/JPY;Sell;1.1;0;0;130.518;130.461;-5.4;0;0;53.6;;;;;;;;;;;;;;
03/16/2018 13:56;03/21/2018 08:09;AUD/NZD;Sell;0.12;0;0;1.07093;1.07312;-0.56;-2.75;0;-22.16;;;;;;;;;;;;;;
03/20/2018 20:56;03/21/2018 07:01;GBP/CAD;Buy;0.45;0;0;1.82982;1.82512;-2.52;-8.88;0;-173.76;;;;;;;;;;;;;;
03/21/2018 01:11;03/21/2018 02:43;GBP/USD;Sell;0.15;0;0;1.40107;1.40032;-0.84;0;0;10.41;;;;;;;;;;;;;;
03/19/2018 17:33;03/20/2018 10:47;AUD/NZD;Buy;0.46;0;0;1.06446;1.06787;-1.42;-13.54;0;98.22;;;;;;;;;;;;;;
03/20/2018 01:00;03/20/2018 04:40;GBP/USD;Sell;0.15;0;0;1.40324;1.4027;-0.84;0;0;7.26;;;;;;;;;;;;;;
03/19/2018 21:45;03/20/2018 00:57;GBP/USD;Buy;2.92;0;0;1.40256;1.40294;-16.38;-49.06;0;45.52;;;;;;;;;;;;;;
03/19/2018 19:34;03/20/2018 00:56;GBP/USD;Buy;0.15;0;0;1.40336;1.4033;-0.84;-2.52;0;-4.26;;;;;;;;;;;;;;
03/19/2018 21:36;03/19/2018 23:15;USD/CAD;Sell;0.45;0;0;1.30775;1.30813;-1.8;-0.71;0;-15.58;;;;;;;;;;;;;;
03/15/2018 19:00;03/19/2018 17:05;EUR/USD;Sell;0.1;0;0;1.23026;1.23436;-0.74;0.26;0;-41.48;;;;;;;;;;;;;;
03/16/2018 13:56;03/19/2018 15:36;AUD/NZD;Sell;0.39;0;0;1.07093;1.06519;-1.81;-5.26;0;154.76;;;;;;;;;;;;;;
03/16/2018 14:45;03/19/2018 05:39;NZD/CAD;Buy;0.16;0;0;0.94454;0.9448;-0.69;-1.53;0;0.95;;;;;;;;;;;;;;
03/16/2018 20:46;03/19/2018 00:02;GBP/USD;Sell;0.15;0;0;1.39471;1.39398;-0.84;-1.47;0;8.64;;;;;;;;;;;;;;
03/16/2018 15:00;03/16/2018 16:39;GBP/USD;Sell;0.1;0;0;1.38952;1.39347;-1.11;0;0;-40.61;;;;;;;;;;;;;;
03/13/2018 16:28;03/16/2018 13:47;NZD/CAD;Sell;0.94;0;0;0.94947;0.94528;-5.48;-100.13;0;195.56;;;;;;;;;;;;;;
03/13/2018 14:17;03/16/2018 13:47;NZD/CAD;Sell;0.47;0;0;0.94526;0.94528;-2.74;-50.07;0;-53.52;;;;;;;;;;;;;;
03/13/2018 14:30;03/16/2018 13:47;NZD/CAD;Sell;0.63;0;0;0.94756;0.94528;-3.67;-67.11;0;39.06;;;;;;;;;;;;;;
03/13/2018 12:04;03/16/2018 13:47;NZD/CAD;Sell;0.32;0;0;0.94299;0.94526;-1.86;-34.09;0;-91.5;;;;;;;;;;;;;;
03/13/2018 05:45;03/16/2018 13:47;NZD/CAD;Sell;0.16;0;0;0.94079;0.94522;-0.93;-17.04;0;-72.18;;;;;;;;;;;;;;
03/13/2018 02:04;03/16/2018 13:47;NZD/CAD;Sell;0.16;0;0;0.93859;0.94522;-0.93;-17.04;0;-99.09;;;;;;;;;;;;;;
03/16/2018 08:00;03/16/2018 13:40;USD/JPY;Sell;0.8;0;0;105.652;106.034;-6.4;0;0;-294.61;;;;;;;;;;;;;;
03/16/2018 03:55;03/16/2018 07:59;NZD/CAD;Buy;0.16;0;0;0.94666;0.94822;-0.93;0;0;18.17;;;;;;;;;;;;;;
03/13/2018 13:00;03/16/2018 01:04;GBP/USD;Buy;0.1;0;0;1.39539;1.39118;-1.11;-14.42;0;-57.63;;;;;;;;;;;;;;
03/15/2018 11:43;03/15/2018 13:07;NZD/CAD;Buy;0.16;0;0;0.94595;0.94755;-0.93;0;0;18.77;;;;;;;;;;;;;;
03/14/2018 22:00;03/14/2018 23:50;GBP/USD;Buy;0.15;0;0;1.39665;1.39716;-1.68;0;0;5.97;;;;;;;;;;;;;;
03/14/2018 06:30;03/14/2018 11:58;GBP/USD;Buy;2.92;0;0;1.39723;1.39764;-32.64;0;0;87.08;;;;;;;;;;;;;;
03/13/2018 19:06;03/14/2018 00:01;GBP/USD;Buy;0.15;0;0;1.39668;1.39758;-1.68;-4.64;0;7.19;;;;;;;;;;;;;;
03/13/2018 22:08;03/13/2018 23:33;USD/JPY;Buy;0.45;0;0;106.411;106.493;-3.6;0;0;31.05;;;;;;;;;;;;;;
03/13/2018 21:29;03/13/2018 22:25;GBP/CAD;Buy;0.45;0;0;1.80775;1.80921;-5.03;-6.71;0;38.97;;;;;;;;;;;;;;
03/13/2018 19:45;03/13/2018 21:32;EUR/USD;Buy;2.92;0;0;1.23885;1.23942;-28.95;0;0;137.49;;;;;;;;;;;;;;
03/13/2018 13:00;03/13/2018 19:06;AUD/USD;Buy;0.1;0;0;0.78893;0.78543;-0.63;0;0;-35.63;;;;;;;;;;;;;;
03/13/2018 09:30;03/13/2018 12:42;USD/JPY;Buy;0.4;0;0;107.197;106.827;-3.2;0;0;-141.72;;;;;;;;;;;;;;
03/12/2018 13:00;03/13/2018 12:42;GBP/USD;Buy;0.2;0;0;1.38939;1.39379;-2.23;-6.18;0;79.59;;;;;;;;;;;;;;
03/13/2018 03:15;03/13/2018 10:46;GBP/USD;Buy;2.92;0;0;1.39002;1.38999;-32.47;0;0;-41.23;;;;;;;;;;;;;;
03/13/2018 01:30;03/13/2018 02:19;GBP/USD;Buy;2.92;0;0;1.39033;1.39071;-32.48;0;0;78.48;;;;;;;;;;;;;;
03/09/2018 01:00;03/12/2018 23:46;USD/JPY;Buy;0.2;0;0;106.667;106.274;-1.6;-2.7;0;-78.25;;;;;;;;;;;;;;
03/12/2018 10:16;03/12/2018 14:59;EUR/JPY;Sell;2.08;0;0;131.151;131.149;-20.49;0;0;-16.58;;;;;;;;;;;;;;
03/09/2018 20:36;03/12/2018 05:51;GBP/CAD;Buy;0.45;0;0;1.77471;1.77493;-4.99;-6.78;0;-4.04;;;;;;;;;;;;;;
03/09/2018 21:17;03/09/2018 21:20;GBP/USD;Buy;0.15;0;0;1.38538;1.38524;-1.66;0;0;-3.76;;;;;;;;;;;;;;
03/09/2018 20:15;03/09/2018 21:17;GBP/USD;Buy;0.15;0;0;1.38441;1.38525;-1.66;0;0;10.94;;;;;;;;;;;;;;
03/06/2018 11:12;03/09/2018 19:11;AUD/NZD;Sell;0.35;0;0;1.07077;1.07695;-2.19;-21.79;0;-181.55;;;;;;;;;;;;;;
03/06/2018 12:00;03/09/2018 16:50;AUD/USD;Buy;0.1;0;0;0.78066;0.78487;-0.63;-11.15;0;30.32;;;;;;;;;;;;;;
03/09/2018 08:03;03/09/2018 15:08;AUD/USD;Buy;0.98;0;0;0.78029;0.78406;-6.13;0;0;363.33;;;;;;;;;;;;;;
03/09/2018 08:03;03/09/2018 14:59;AUD/USD;Buy;0.98;0;0;0.78029;0.78304;-6.13;0;0;263.37;;;;;;;;;;;;;;
03/09/2018 13:30;03/09/2018 14:46;NZD/CAD;Buy;0.16;0;0;0.93366;0.93659;-0.93;0;0;35.5;;;;;;;;;;;;;;
03/08/2018 15:02;03/09/2018 10:59;EUR/USD;Sell;0.1;0;0;1.23482;1.22939;-0.99;0.13;0;53.44;;;;;;;;;;;;;;
03/09/2018 04:30;03/09/2018 08:27;EUR/USD;Sell;2.92;0;0;1.23125;1.23077;-28.76;0;0;111.4;;;;;;;;;;;;;;
03/08/2018 20:00;03/09/2018 03:02;GBP/CAD;Buy;0.45;0;0;1.78173;1.78121;-4.97;-7.67;0;-30.77;;;;;;;;;;;;;;
03/07/2018 17:00;03/08/2018 23:05;USD/JPY;Sell;0.1;0;0;105.942;106.322;-0.8;-11.38;0;-47.93;;;;;;;;;;;;;;
03/06/2018 12:00;03/08/2018 14:57;EUR/USD;Buy;0.1;0;0;1.23993;1.23545;-0.99;-14.84;0;-60.63;;;;;;;;;;;;;;
03/07/2018 22:04;03/08/2018 09:06;GBP/USD;Buy;0.98;0;0;1.3905;1.38779;-10.89;0;0;-276.47;;;;;;;;;;;;;;
03/06/2018 11:22;03/08/2018 02:41;NZD/CAD;Sell;1.42;0;0;0.94129;0.93856;-8.27;-118.87;0;174.08;;;;;;;;;;;;;;
03/06/2018 23:41;03/08/2018 02:41;NZD/CAD;Sell;1.89;0;0;0.94366;0.93856;-11.02;-118.59;0;619.36;;;;;;;;;;;;;;
03/05/2018 14:04;03/08/2018 02:41;NZD/CAD;Sell;0.63;0;0;0.937;0.9385;-3.66;-65.9;0;-142.99;;;;;;;;;;;;;;
03/05/2018 16:22;03/08/2018 02:41;NZD/CAD;Sell;0.94;0;0;0.93922;0.9385;-5.46;-98.32;0;-51.19;;;;;;;;;;;;;;
03/05/2018 13:15;03/08/2018 02:41;NZD/CAD;Sell;0.47;0;0;0.93485;0.9385;-2.73;-49.16;0;-185.2;;;;;;;;;;;;;;
03/06/2018 23:00;03/07/2018 15:45;USD/JPY;Sell;0.1;0;0;105.639;106.023;-0.8;0;0;-37.02;;;;;;;;;;;;;;
03/06/2018 12:00;03/07/2018 09:18;GBP/USD;Buy;0.1;0;0;1.38993;1.38574;-1.11;-2.8;0;-45.81;;;;;;;;;;;;;;
03/06/2018 22:46;03/07/2018 07:21;USD/CHF;Buy;0.6;0;0;0.9395;0.93796;-4.8;0;0;-103.29;;;;;;;;;;;;;;
03/06/2018 22:32;03/07/2018 05:00;GBP/CHF;Buy;0.6;0;0;1.30593;1.30244;-6.67;0;0;-229.99;;;;;;;;;;;;;;
03/07/2018 02:30;03/07/2018 02:36;EUR/USD;Buy;2.92;0;0;1.24126;1.24166;-29;0;0;87.8;;;;;;;;;;;;;;
03/06/2018 23:00;03/07/2018 02:25;GBP/USD;Sell;0.15;0;0;1.3896;1.38902;-1.67;0;0;7.03;;;;;;;;;;;;;;
03/06/2018 22:44;03/06/2018 23:40;USD/CAD;Sell;0.45;0;0;1.29022;1.29517;-3.6;0;0;-175.58;;;;;;;;;;;;;;
03/06/2018 22:29;03/06/2018 22:39;USD/JPY;Buy;0.6;0;0;106.1;105.61;-4.8;0;0;-283.1;;;;;;;;;;;;;;
03/06/2018 21:01;03/06/2018 22:38;GBP/CAD;Buy;0.6;0;0;1.78931;1.79107;-6.67;-10.25;0;64.93;;;;;;;;;;;;;;
03/06/2018 21:12;03/06/2018 22:38;USD/CAD;Buy;0.45;0;0;1.2884;1.28902;-3.6;-3.53;0;14.51;;;;;;;;;;;;;;
03/06/2018 11:30;03/06/2018 22:30;USD/JPY;Buy;0.1;0;0;106.278;105.89;-0.8;-0.56;0;-37.99;;;;;;;;;;;;;;
03/06/2018 11:12;03/06/2018 22:01;AUD/NZD;Sell;0.63;0;0;1.07074;1.07423;-3.93;-7.86;0;-172;;;;;;;;;;;;;;
03/06/2018 21:00;03/06/2018 21:07;USD/CAD;Buy;0.45;0;0;1.28836;1.28891;-3.6;0;0;15.6;;;;;;;;;;;;;;
03/06/2018 17:15;03/06/2018 17:29;GBP/USD;Buy;2.92;0;0;1.38761;1.38819;-32.42;0;0;136.94;;;;;;;;;;;;;;
03/06/2018 11:18;03/06/2018 11:58;AUD/JPY;Buy;0.98;0;0;82.606;83.034;-6.11;0;0;388.19;;;;;;;;;;;;;;
03/06/2018 11:17;03/06/2018 11:32;AUD/JPY;Buy;0.98;0;0;82.626;82.914;-6.1;0;0;259.1;;;;;;;;;;;;;;
03/06/2018 05:00;03/06/2018 05:51;GBP/USD;Buy;2.92;0;0;1.38403;1.38457;-32.34;0;0;125.34;;;;;;;;;;;;;;
03/05/2018 21:41;03/05/2018 23:54;USD/CAD;Buy;0.45;0;0;1.29756;1.29802;-3.6;-4.65;0;7.7;;;;;;;;;;;;;;
03/05/2018 21:41;03/05/2018 23:24;GBP/CAD;Buy;0.6;0;0;1.79548;1.79699;-6.65;-11.98;0;51.19;;;;;;;;;;;;;;
03/05/2018 19:40;03/05/2018 20:34;GBP/USD;Buy;0.15;0;0;1.38309;1.38378;-1.66;0;0;8.69;;;;;;;;;;;;;;
03/05/2018 09:00;03/05/2018 12:29;EUR/USD;Buy;0.1;0;0;1.23247;1.22844;-0.98;0;0;-41.28;;;;;;;;;;;;;;
03/05/2018 08:00;;;Deposit;0;0;0;0;0;0;0;0;150000;;;;;;;;;;;;;;
